us,aus
witch,children
hole,the
Advantage,One
Children,that
tv,watching
volved,in
devises,electronic
than,film
mo,especially
loose,parents
christmas,for
Advertisement,Some
form,age
adds,if
live,everyday
tings,many
site,positiv
Children,Young
to,cereals
to,their
to,around
now,see
Aspect,An
Life'a,a
devises,electronical
there,When
todays,the
there,for
parents,their
there,show
adults,an
How,or
wont,children
Television,the
scream,a
Television,opinion
smart,a
grown,your
Television,or
hyper,being
free,only
